﻿Código;Nome;Tipo;Produtores;Duração;Gênero;Temporada;Álbum;Publicação;;;
1;Queen of California;M;50;4,17;RO, BL;;Born and Raised;2012;;;
2;The Age of Worry;M;50;2,62;RO, BL;;Born and Raised;2012;;;
3;Shadow Days;M;50;3,80;RO, BL;;Born and Raised;2012;;;
4;Speak For Me;M;50;3,73;RO, BL;;Born and Raised;2012;;;
5;Something Like Olivia;M;50;3,00;RO, BL;;Born and Raised;2012;;;
6;Born and Raised;M;50;4,78;RO, BL;;Born and Raised;2012;;;
7;Still Feel Like Your Man;M;50;3,90;RO, BL;;The Search for Everything;2017;;;
8;Emoji of a Wave;M;50;3,98;RO, BL;;The Search for Everything;2017;;;
9;Helpless;M;50;4,15;RO, BL;;The Search for Everything;2017;;;
10;Love on the Weekend;M;50;3,53;RO, BL;;The Search for Everything;2017;;;
11;Rosie;M;50;4,00;RO, BL;;The Search for Everything;2017;;;
12;Changing;M;50;3,55;RO, BL;;The Search for Everything;2017;;;
13;Moving On and Getting Over;M;50;4,42;RO, BL;;The Search for Everything;2017;;;
14;Born To Die;M;43;4,77;IN, PP;;Born To Die;2012;;;
15;Blue Jeans;M;43;3,48;IN, PP;;Born To Die;2012;;;
16;Dark Paradise;M;43;4,05;IN, PP;;Born To Die;2012;;;
17;Carmen;M;43;4,13;IN, PP;;Born To Die;2012;;;
18;Summertime Sadness;M;43;4,40;IN, PP;;Born To Die;2012;;;
19;Cruel World;M;43;6,65;IN, PP;;Ultraviolence;2014;;;
20;Ultraviolence;M;43;4,18;IN, PP;;Ultraviolence;2014;;;
21;Shades Of Cool;M;43;5,70;IN, PP;;Ultraviolence;2014;;;
22;Sad Girl;M;43;5,28;IN, PP;;Ultraviolence;2014;;;
23;Blood Sweat & Tears;M;51;3,62;KP;;Wings;2016;;;
24;Begin;M;51;3,82;KP;;Wings;2016;;;
25;Lie;M;51;3,58;KP;;Wings;2016;;;
26;NerdCast 692 - Era uma vez um... Tarantino;P;31, 32;131,73;GK;70;;2019;;;
27;Speak English 19 - Connected Speech;P;31, 32;40,38;GK;70;;2019;;;
28;NerdCash 15 - Objetivos e consciência financeira;P;31, 32;59,23;GK;70;;2019;;;
29;NerdTech 43 - Profissão: Programador 4.0;P;31, 32;42,45;GK;70;;2019;;;
30;NerdCast 688 - A batalha dos Crossovers 8;P;31, 32;80,67;GK;70;;2019;;;
31;Speak English 18 - Armadilhas das traduções;P;31, 32;47,57;GK;70;;2019;;;
32;NerdCast 685 - MCU Fase 4;P;31, 32;79,50;GK;70;;2019;;;
33;NerdTech 42 - Tecnologias da corrida espacial;P;31, 32;44,50;GK;70;;2019;;;
34;Reinaldo Azevedo // POUCAS #43;P;39;62,50;AT;3;;2019;;;
35;Damiani // POUCAS $42;P;39;63,42;AT;3;;2019;;;
36;Luisa Mell  // POUCAS #41;P;39;56,35;AT;3;;2019;;;
37;Wendel Bezerra // POUCAS #40;P;39;58,02;AT;3;;2019;;;
38;Érico Borgo // POUCAS #39;P;39;50,22;AT;3;;2019;;;
39;Gordox // POUCAS #38;P;39;47,20;AT;3;;2019;;;
40;Mauricio Meirelles // POUCAS #37;P;39;65,00;AT;3;;2019;;;
41;Uma nora pra cada dia;M;52;2,18;FK;;;2019;;;
42;Credo que delicia;M;52;2,05;FK;;;2019;;;
43;Facilita;M;52;2,63;FK;;;2019;;;
44;Agora é tudo meu;M;52;2,85;FK;;;2019;;;
45;Terremoto;M;52;2,43;FK;;;2019;;;
46;Reboladinha;M;52;2,37;FK;;;2019;;;
47;O bebê;M;52;2,97;FK;;;2019;;;
48;Cheio de Marra;M;53;3,77;FK;;Vagabundo RomÃ¢ntico;2016;;;
49;Tudo de Bom;M;53;2,32;FK;;Vagabundo RomÃ¢ntico;2016;;;
50;Foi bom;M;53;3,78;FK;;Vagabundo RomÃ¢ntico;2016;;;
51;Bandida;M;53;2,87;FK;;Vagabundo RomÃ¢ntico;2016;;;
52;Tocar sua Pele;M;53;4,20;FK;;Vagabundo RomÃ¢ntico;2016;;;
53;Minha Nega;M;53;2,88;FK;;Vagabundo RomÃ¢ntico;2016;;;
54;Casado, Namorando, Solteiro;M;54;3,33;ST;;In Miami Beach;2017;;;
55;Ar-condicionado no 15;M;54;2,80;ST;;In Miami Beach;2017;;;
56;Ressaca de Saudade;M;54;3,15;ST;;In Miami Beach;2017;;;
57;Decreto Liberado;M;54;3,10;ST;;In Miami Beach;2017;;;
58;Quem Bate Também Chora;M;54;2,50;ST;;In Miami Beach;2017;;;
59;Ninguém é de Ferro;M;54;2,30;ST;;In Miami Beach;2017;;;
60;Sonhei que tava me casando;M;54;2,70;ST;;In Miami Beach;2017;;;
61;Se esconder Ela Não Chora;M;54;2,33;ST;;In Miami Beach;2017;;;
62;Eu sei de Cor;M;55;3,08;ST;;Realidade;2017;;;
63;A Gente não se Aguenta;M;55;2,47;ST;;Realidade;2017;;;
64;Traição Não tem Perdão;M;55;2,70;ST;;Realidade;2017;;;
65;Nem Foi e Já voltou;M;55;2,83;ST;;Realidade;2017;;;
66;Amante não tem Lar;M;55;2,88;ST;;Realidade;2017;;;
67;Dia, Lugar e Hora;M;56;4,18;ST;;1997;2016;;;
68;Primeira Semana;M;56;3,13;ST;;1997;2016;;;
69;Eu, você, o Mar e Ela;M;56;3,12;ST;;1997;2016;;;
70;Estava Zero;M;56;2,77;ST;;1997;2016;;;
71;Hear Me Now;M;57;3,23;EL;;;2016;;;
72;All the Lies;M;57;2,00;EL;;;2016;;;
73;Favela;M;57;3,08;EL;;;2016;;;
74;Fuego;M;57;3,13;EL;;;2016;;;
75;Peace Of Mind;M;58;3,00;EL;;TIM;2019;;;
76;Heaven;M;58;4,62;EL;;TIM;2019;;;
77;SOS;M;58;2,62;EL;;TIM;2019;;;
78;Bad Reputation;M;58;3,42;EL;;TIM;2019;;;
79;Old Town Road - Remix;M;44, 60;2,62;HH;;Old Town Road;2019;;;
80;Panini;M;44;1,90;HH;;Panini;2019;;;
81;Rodeo;M;44, 59;2,63;HH;;7 EP;2019;;;
82;Bring U Down;M;44;2,18;HH;;7 EP;2019;;;
83;C7osure;M;44;2,47;HH;;7 EP;2019;;;
84;Kick It;M;44;2,35;HH;;7 EP;2019;;;
85;Always Got Something to Say;M;61;4,08;HH;;Snoop Dog Presents Bible of Love;2018;;;
86;Going Home;M;61;4,22;HH;;Snoop Dog Presents Bible of Love;2018;;;
87;Pure Gold;M;61;5,62;HH;;Snoop Dog Presents Bible of Love;2018;;;
88;Pain;M;61;4,73;HH;;Snoop Dog Presents Bible of Love;2018;;;
89;#259 - Loucos por boyband (feat. Manu Gavassi);P;34, 35;144,33;PP;2;;2019;;;
90;#258 - Wanda Morning Show: Bolsinha da Rihanna;P;34;141,02;PP;2;;2019;;;
91;#257 - Não Queira;P;34;151,80;PP;2;;2019;;;
92;#253 - Luí­sa Sonza: diva sensata do pop;P;34, 36;113,23;PP;2;;2019;;;
93;#237 - A sexta-feira é Santa Mas eu Não;P;34, 37;101,70;PP;2;;2019;;;
94;#229 - Wanda Morning Show 2;P;34, 62;107,33;PP;2;;2019;;;
95;#216 - Papo Sobre Fama e Artistas Incríveis;P;34, 38;120,77;PP;2;;2019;;;
96;O Assunto #22: Como a morte da menina Ágatha reabriu...;P;41;20,60;NT;1;;2019;;;
97;O Assunto #21: A emergência do clima - ainda dá tempo para salvar o planeta?;P;41;22,93;NT;1;;2019;;;
98;O Assunto #20: As contradições do caso Flordelis e como a deputada passou...;P;41;21,27;NT;1;;2019;;;
99;O Assunto #19: Dinheiro para campanhas eleitorais;P;41;24,07;NT;1;;2019;;;
100;O Assunto #18: Existe risco de guerra após os ataques na Arábia Saudita?;P;41;23,70;NT;1;;2019;;;